"case_id","index","x","y"
1,1,-0.39620657035614,-1.12294371964476
1,2,-0.767005942267865,0.445740401672997
1,3,-0.572266277166134,1.57082624149943
1,4,-1.39479428196952,0.548069229074173
1,5,0.157746361464152,0.263734914731537
1,6,-1.56731313253083,0.552831760580102
1,7,1.47405112211305,1.49872914080647
1,8,1.62336556775723,-0.0131896181314126
2,1,0.186629585887019,1.10767474490046
2,2,-1.33004669299234,-1.93067240610681
2,3,0.14520729546563,-1.94471506894956
2,4,0.843010287800413,0.854480240180108
2,5,-1.78631135700073,-0.858591864227532
2,6,-1.17386036583729,0.463435923279286
2,7,-0.510181675221519,-1.02323573897261
2,8,-0.219651865505251,0.382048865711807
3,1,0.512522052667798,-5.12735284585165
3,2,-0.136191582991485,0.554789710598131
3,3,1.50469689251855,0.371982235345305
3,4,0.417875219473326,-4.31386799067695
3,5,0.131061420070961,-0.423510213242082
3,6,1.24083763886351,-0.899063205097193
3,7,1.12091503202777,-2.95532757119337
3,8,1.54482341947937,0.0585669751992504
4,1,-0.860199733695945,0.253830369028391
4,2,-0.463276803899218,1.43705722790581
4,3,0.612377896394503,-0.506731690469554
4,4,0.491206408364471,2.15065321941512
4,5,-0.755909581910875,-1.07216358511333
4,6,1.16078883392316,2.75344839982262
4,7,-0.982825613021972,-0.648134438572244
4,8,2.40454239358757,-0.636298769993783
5,1,-0.482615942579053,0.964737369942231
5,2,0.742440172675508,-2.50257053941678
5,3,-0.702898356416347,0.789271596486088
5,4,-0.0122370117169396,0.853225992730981
5,5,0.140056392864376,2.88705521805224
5,6,0.147000178381523,-0.207724308677474
5,7,-0.061972543191811,-0.664732432746441
5,8,1.23011126590036,1.36964655771902
6,1,0.385082855857284,0.431674583570782
6,2,0.165678459897649,-0.252159945906694
6,3,0.926187351579645,1.25469344936608
6,4,-1.61737021577734,2.03559017842444
6,5,1.41930254361307,1.61265877744594
6,6,0.247132490070781,-0.866248292865722
6,7,0.0595956225228066,-0.215300993897487
6,8,-0.570561833333792,0.594757624908505
7,1,-0.177919889085981,-0.684974171454991
7,2,0.251097146619541,-2.25134056162359
7,3,-0.821647029426459,-0.228681872972502
7,4,-0.638943224411801,-2.18169277690669
7,5,0.068133028838587,-0.272857518719668
7,6,1.26943328431456,9.83285458252383
7,7,1.38125623497194,3.22240326746563
7,8,-0.806448796296666,-1.75128836926695
8,1,-0.715574904097919,-0.94874585041265
8,2,-0.0125451653400277,-1.79119766893182
8,3,1.20066681527279,1.09107958367177
8,4,2.17940247113171,0.69407520398631
8,5,-0.258196583790037,0.774055801597609
8,6,-0.652908250732745,-0.259829521816112
8,7,-0.944096472009838,-1.3724098249745
8,8,-0.455343818965194,1.62319039356354
9,1,1.1219869522192,-6.16689308818463
9,2,-0.0118174619792258,-0.135573846958912
9,3,0.031739271148475,2.47562233869039
9,4,-0.0910045933328853,0.0555945550864087
9,5,0.00634698562674102,-0.431818111969691
9,6,-0.848764049623266,-3.4092301472231
9,7,0.907285256714551,0.866040543112476
9,8,0.065633596130824,-0.564831944175098
10,1,-1.11060617019939,-0.720395950153383
10,2,1.99033140585816,2.17933181689575
10,3,1.75577494441646,9.13763246837729
10,4,1.1017076303048,0.245083513940667
10,5,0.500201211558768,-0.680504321278835
10,6,-1.19676587255664,0.930281634566672
10,7,1.04266213263761,0.0757503938608218
10,8,-0.595899819639669,0.332214970817908
11,1,0.589254601984377,2.08047120768118
11,2,-0.529233467177622,0.922593880123414
11,3,1.0705115678122,0.533247630332544
11,4,-1.44838683252889,-1.66811081282108
11,5,-1.64695255171242,1.93239622930599
11,6,0.829080223449806,0.147406826106329
11,7,-0.511185668207769,0.223644919008524
11,8,-0.0533170438572331,1.1202600631741
12,1,0.167992883677079,-1.36853705722489
12,2,2.91581937148995,1.21796236556169
12,3,-1.67423246503802,-1.23954168665537
12,4,-0.979044231130632,-1.85762391780632
12,5,-1.44465230314453,-0.924655395153243
12,6,-0.1614674107116,-4.01958080904145
12,7,0.0815122144128272,-2.94461209809875
12,8,-0.993516490884239,-1.24721259244748
13,1,1.26543268964079,2.36753263310598
13,2,-1.21546499089268,-0.0880033106516778
13,3,-0.646798953949046,-0.37938241246509
13,4,1.19454293211706,2.76053033415672
13,5,-0.44725703049907,-0.0301920410825032
13,6,-0.307794116822747,-0.426826878031185
13,7,-0.457252926328289,-1.110226956627
13,8,0.36953251297512,1.26528670438486
14,1,-0.655019264254631,-0.590434205638502
14,2,-0.944816793862013,-0.0079287246163306
14,3,0.942357189748949,-1.12138407336172
14,4,-0.56857154953542,-1.35486084474153
14,5,0.323612188740675,-0.435528278419055
14,6,-0.804598762147463,-0.884379290714329
14,7,0.564090095152165,-0.433100060282819
14,8,-0.126248133557344,-0.655743049217475
15,1,0.905811677925257,3.83247588958338
15,2,-1.00146020349004,-0.548051936738028
15,3,2.01668296368153,1.62399011579534
15,4,1.38311940292611,-0.693757515354115
15,5,-1.5282455539433,4.10647187288015
15,6,-0.894030126120854,-0.919446152016099
15,7,1.56414202151953,-3.20815184418571
15,8,-0.743028344761538,0.37049871981761
16,1,0.987092740136323,1.060346596494
16,2,-0.0314618734219079,-0.36668276336603
16,3,-0.0948495205867819,0.664063031339835
16,4,-1.60566877435174,-0.355759925450355
16,5,0.986220742528643,0.553754580546933
16,6,1.66055985806391,4.36766524137022
16,7,-0.495448576175294,-0.967621571029424
16,8,-0.468365133709903,-2.2685188289491
17,1,-1.57582769023414,0.986522458481577
17,2,-2.09584283720658,-1.35472017669166
17,3,1.51497548315188,1.33868900945135
17,4,-1.09332573365781,-0.156005546626241
17,5,0.75723661860451,-1.32789753165782
17,6,-0.595451818202261,2.30146806953342
17,7,-0.291193334633846,-1.78745799942918
17,8,1.29042223450095,-1.39996241537625
18,1,-0.921185249045733,0.733101333335069
18,2,-0.876685305260322,0.689160301501719
18,3,-1.99875942351013,1.37444384505185
18,4,-0.44780877943185,6.57706931402727
18,5,-1.15456767606283,1.1979738595018
18,6,0.0514304305687385,-0.0267634275483722
18,7,0.484579239511793,0.107097033417785
18,8,0.117920554597999,0.416873301343533
19,1,0.495397176245471,0.404998848206402
19,2,1.43347777600803,0.802280902788974
19,3,0.273055247511075,-0.310566431004699
19,4,-0.375687568274959,1.02971210461513
19,5,-0.364372053486103,1.15599501653532
19,6,-1.05779582580693,0.501276075319221
19,7,-1.29362362127078,-0.355587287916508
19,8,-0.477106804102923,-0.818429440053631
20,1,-0.0997168996332059,1.04406254725409
20,2,1.39842407651048,0.175594125040811
20,3,-2.13166085854223,-0.558180050767183
20,4,0.308912089393028,5.29702833896666
20,5,1.3078818446566,0.655842595396517
20,6,0.031823638206592,-0.779198812952613
20,7,-0.10766048241728,1.89535300799672
20,8,-1.29734585067857,0.867160949330013
21,1,0.182001946478749,0.276527974957546
21,2,0.0513351394748808,-0.633367222368239
21,3,-0.763765650838987,0.881233408261793
21,4,-0.800167209240098,-0.0286071968852927
21,5,-0.124745783916465,-1.4431994686036
21,6,-0.328770648362258,-0.873525825847055
21,7,-1.12522637882296,-0.466719960162271
21,8,-0.513753343947288,-0.908658035497858
21,9,-0.395275964223185,-0.729408340742313
21,10,-0.226856024215499,-0.717531839228534
22,1,0.119912573794536,1.33487731701452
22,2,-1.41877115268743,-2.44808498183107
22,3,0.700187754741234,0.0701648284098185
22,4,1.04520521816401,2.11148538792336
22,5,-0.857363510570969,0.715969306761963
22,6,-0.0923493571451304,2.4010418459176
22,7,-1.43983818231456,0.771871868690238
22,8,1.04261332647808,-1.19958565188408
22,9,1.45031715235981,2.06687550964764
22,10,0.491636040967237,0.841734170652791
23,1,0.996123720185942,-0.954341237747633
23,2,-0.268402998459828,0.676973511675462
23,3,-0.810844495811553,-0.797938948346718
23,4,0.66097587606804,0.720872121690841
23,5,0.125500413305598,1.06330493393829
23,6,-1.22790382903232,-1.83320599709375
23,7,0.316389351337972,-0.159077979044996
23,8,-0.130337681403448,-1.62697943405769
23,9,0.212929190884748,-1.81349551668728
23,10,0.251997962653612,-5.23536739564608
24,1,-2.43542198824661,-1.28991940987683
24,2,0.922800223058976,0.77928164712837
24,3,2.00916744995637,0.113948634666282
24,4,0.989618464016882,1.33342445116638
24,5,0.474964813945194,1.437867455669
24,6,-0.55092766337386,-1.08055207595678
24,7,2.67404448357559,1.98031760828199
24,8,1.48141907685647,-0.370841971448361
24,9,0.0131399033420979,-1.5022143415398
24,10,-0.57432934778487,-0.631967727438703
25,1,1.76358466224793,1.27102139707122
25,2,0.0312472583151762,1.14864582987575
25,3,-0.435297955425066,-0.250083904105289
25,4,1.091659855351,-0.711321778720521
25,5,-1.85840853901934,0.67673385798583
25,6,0.5005036730507,0.66423415816599
25,7,-0.62748098615973,-3.60162558807502
25,8,-0.325174597759798,0.21006292621474
25,9,-0.297958932794028,0.608431343856161
25,10,-0.400416336336042,0.333743182665857
26,1,0.682244558665272,-0.0936848789407152
26,2,0.661608504482897,0.113098386036309
26,3,-2.69319143153408,-2.9062888600901
26,4,1.28197629347846,-0.755770975337996
26,5,0.307195771576114,0.928624572721644
26,6,-0.114779153024363,-0.907593891521319
26,7,-1.84104293745355,-0.651193674538369
26,8,1.15171316740316,0.225712512877745
26,9,0.295158596076627,-0.114675993228951
26,10,-1.37608910639463,-0.544938652740629
27,1,0.553415021413371,1.90639639013986
27,2,-0.0531676147224445,-0.984390275778404
27,3,-0.173952942065827,-0.553637497851559
27,4,-1.50626499095519,0.918062150276631
27,5,1.36152491933323,-0.335894533352549
27,6,-0.223932782224006,1.4143116351123
27,7,-0.690996021839495,0.174637447895236
27,8,1.1855043043463,-0.712818406339691
27,9,-0.422044343845297,0.318216323388228
27,10,0.00619292769499099,0.38767759679891
28,1,-0.0938148136656067,0.691006656649272
28,2,-1.1002840897858,2.55322554131501
28,3,-0.195527827036528,-0.0206879759094981
28,4,-0.706446914470129,0.253731273361236
28,5,0.54480699884738,1.48236448659775
28,6,-0.723283240737778,0.424261226017382
28,7,-0.302639864156124,-0.961633299346967
28,8,-0.898473525532999,1.43556765092474
28,9,-0.980471522627755,0.461237339077416
28,10,-0.528405301020789,-0.555228284012066
29,1,0.362393244018093,-1.77752025309827
29,2,0.461767176775498,1.72666044841647
29,3,-0.0261035885157791,-0.128224242291955
29,4,-1.53963059140849,0.0253230976453723
29,5,-0.138101194445805,0.205200408777037
29,6,-0.376113205606051,-1.8273077488499
29,7,0.432750840479828,-0.764848743812456
29,8,-0.0910121954589534,2.60870802745215
29,9,0.329983809062641,1.88479849367305
29,10,0.441708475360279,-1.86431551452312
30,1,0.272334981134238,-0.362381321009978
30,2,1.15925217416964,-1.25367580515106
30,3,-1.53980395367357,2.19910841812787
30,4,-1.25710472510073,0.236529867351714
30,5,0.595640150982989,-1.51261768529285
30,6,-0.356011199031932,1.10216847978064
30,7,-0.352566544284955,0.958057625224104
30,8,1.19974769891934,-0.404525900292036
30,9,1.22389070242087,-0.446732788492234
30,10,0.309341776427519,0.79166941400349
31,1,-1.71397784369688,1.51329573090115
31,2,-1.33865887208403,1.08013973832835
31,3,0.0155005875929683,-0.626982796660002
31,4,0.0849888101440196,0.454066390431836
31,5,1.41288046975495,1.34903749046275
31,6,-0.454285852620159,-0.820215277906554
31,7,-0.198070765345605,-0.299753261863618
31,8,-0.494400079594053,-2.76212175481291
31,9,1.03823548835109,-0.215682397738031
31,10,-0.396399565871073,-3.28588263338233
32,1,-1.11353852688735,-1.13020140345425
32,2,-1.22587819560152,-0.581851571774887
32,3,-1.22262675671697,2.13076501834878
32,4,0.585594853048736,-0.758462694530874
32,5,0.324873508510375,-0.808129148469737
32,6,1.79423306315897,0.362719878187019
32,7,0.870556727460817,0.371549992707562
32,8,-0.472854229514544,-1.90481105532531
32,9,-0.226839991385868,1.53098802745635
32,10,-1.71412613535782,-0.165618718384089
33,1,1.09307976397955,2.18222525948507
33,2,1.35995072632328,-2.62809955141256
33,3,-0.708233988341334,0.62582282290128
33,4,-0.922509343461129,-1.0491435946202
33,5,-0.61289876823802,-0.682229879086338
33,6,0.476279138408806,-1.49089585229004
33,7,-2.03481108566693,-1.08472485758354
33,8,-2.02373620673086,-3.71567860550362
33,9,-1.82288791608357,-0.681317960440576
33,10,0.313206688841381,-1.69522875753251
34,1,-0.382399070762914,1.06648161079051
34,2,-1.73046379715188,-1.89690351736212
34,3,-0.53953217192808,-2.01871931854455
34,4,-2.25398577497628,-0.502634932886777
34,5,-0.315926666861246,-0.156417314480988
34,6,0.565591333410782,4.01715294157556
34,7,0.214300165767849,0.00674451735146092
34,8,0.0520292748499089,0.0926439919184649
34,9,0.523236073008825,0.912184446926509
34,10,-0.507618865547963,-1.0813861145527
35,1,-0.4307610237599,-0.214377042821553
35,2,0.561078551511809,0.838892488091743
35,3,0.845817972360734,-0.00512070580709723
35,4,0.0047177273296428,-1.70885676113558
35,5,-0.725872316776639,-1.70887993461258
35,6,0.724322763044113,0.0452403197855337
35,7,1.54302624588566,0.829499422798221
35,8,-0.0459831683979952,-0.498005673439491
35,9,0.48843406328272,0.581479766935999
35,10,-0.960195457859279,1.3526040575362
36,1,0.846346275335574,2.36456105944606
36,2,-0.254960134681509,0.739262829388373
36,3,-1.45553211091919,-0.77856709883796
36,4,-0.694229425386279,0.710446713095908
36,5,0.0691474052876061,1.01398524756328
36,6,-2.75594609985455,-2.71477558594793
36,7,-1.61783146416298,-0.995669501060862
36,8,-0.684164882371738,2.64192522944984
36,9,0.663985564785567,-1.06673011440653
36,10,-0.463808463397742,-1.63716082440426
37,1,0.704355435436856,-0.716061009098234
37,2,0.220551508568722,-0.421195008461176
37,3,0.294724741792218,-0.284840750543989
37,4,0.282804069530645,0.456194980056117
37,5,1.33271546092327,5.1215402756931
37,6,-0.370804909038084,-0.365379221581275
37,7,0.787881940090129,-1.38742271967451
37,8,-0.219614529869457,1.02848672538348
37,9,-0.172903346006812,-5.35441456099512
37,10,0.733813058891263,-1.05144638673955
38,1,-0.683696172246255,-0.22585358816181
38,2,0.443450756597059,-0.267660175727967
38,3,0.470963670878666,-0.657633544704164
38,4,0.221687539984444,-1.11313757039708
38,5,-1.06151451348839,2.12690847720757
38,6,-1.02870848898167,-0.737754082856861
38,7,-0.93285454765564,-1.74352046502925
38,8,-0.274399920545218,-1.41449207071422
38,9,-0.615965196038576,0.713466951036176
38,10,0.0432392592869376,1.54761066383443
39,1,0.537846960826375,-0.693803370590263
39,2,1.00922292666797,1.56952741021901
39,3,-0.70869989797489,-0.390221504059864
39,4,1.32148254482272,0.454555149283176
39,5,0.0602706811949096,0.305233251106731
39,6,-0.216898943437708,0.473458669358665
39,7,0.903614094788342,-0.44374068703204
39,8,0.975105717843221,2.65907986632376
39,9,-2.01121257995024,-0.783720156630964
39,10,0.196619278889875,1.41410234812604
40,1,2.11273582713401,1.70900736483671
40,2,0.987152615158164,0.948339488634949
40,3,0.259401724491227,1.10881159216168
40,4,0.639212670188495,0.784122977326641
40,5,-0.129699590051611,0.72023207669596
40,6,1.77849465623925,-2.04448141003864
40,7,-1.50613017011427,-0.887573965830399
40,8,0.577963330928955,0.0360674637449911
40,9,0.683943815399202,-2.40025716261508
40,10,-1.87051368317709,-3.81919591010693
41,1,2.51988524374356,-1.73854776587844
41,2,1.78384659097882,-2.27695234903791
41,3,0.429483074212228,0.945970065792053
41,4,-0.355682302516034,-0.576617237996872
41,5,0.613744004957873,0.152714495814379
41,6,1.03613453680905,0.260595219312561
41,7,0.644313313667229,-0.605242670539137
41,8,-1.28992444344418,-1.7566107927704
41,9,-0.586364681942346,-0.155829914284888
41,10,-0.289430999940133,0.23320491113377
41,11,-1.32076250902219,-0.915610190721216
41,12,1.16061981344721,-2.43088623227995
42,1,-0.89828615891355,-0.166735700545408
42,2,0.473551771010918,0.465113774925295
42,3,1.61830674261496,-0.0780706559955896
42,4,-0.286239722815665,-0.65854953007533
42,5,0.0666453079078924,-0.115053831146134
42,6,0.665957611917166,3.17110125927416
42,7,-1.08696253513315,1.05715723674084
42,8,-4.27367282706928,-1.4470274316845
42,9,1.27196591455547,1.18301052828595
42,10,-0.422900668708217,-0.377690944973758
42,11,-0.368854653378061,-0.457918782399572
42,12,-0.468082626341552,0.953594125582718
43,1,0.434771957280951,1.19666678784783
43,2,0.380753656651045,0.932275183937021
43,3,0.698562924433659,-0.145719273914398
43,4,1.68111611845268,2.25788395106061
43,5,0.465128232855765,1.51395015502509
43,6,-0.625918786281016,-0.574526493753794
43,7,0.588075029722655,0.552130019079745
43,8,2.39526823536041,1.33229220449345
43,9,-1.56081604320352,-3.14176184023639
43,10,1.1024336427888,-0.904691624414144
43,11,-1.40936585937352,-1.01581648093553
43,12,-0.601458139542245,0.00977683074900468
44,1,-0.0814539135235288,-0.785173369658899
44,2,1.6193537473763,0.434117827319419
44,3,0.689039575695272,-2.18849271481009
44,4,0.625155816284959,1.28084711587449
44,5,-0.484428640431281,-0.468517533355452
44,6,-0.228870715873981,-0.276103006489319
44,7,-0.506701578371716,0.257593753870748
44,8,-0.647572900913875,-0.440648778471107
44,9,2.09172405591133,-1.32649470419294
44,10,-0.663551639887629,1.26905568182052
44,11,0.401600279675623,-0.133498646388641
44,12,-1.06291655660638,-1.3339621251256
45,1,1.26909699960737,4.63989784350216
45,2,0.320085817165916,0.795604695041842
45,3,0.730546994499993,-0.75988761327027
45,4,0.887498413318455,2.44582623634301
45,5,-0.661531396065907,0.210591860527491
45,6,-0.251833385723476,-0.304184332609291
45,7,-0.0812702534222396,-0.926558080912541
45,8,0.0866073835722735,0.12741296695586
45,9,0.453982239408092,0.51732399278409
45,10,0.45922812372004,-0.0227623609685963
45,11,0.678578834266693,1.62990895303896
45,12,1.0369451912301,-0.233053456658801
46,1,2.24813071260261,2.74462910257773
46,2,-0.362236874730132,-1.89318700027103
46,3,-0.0647961258203042,0.555803764398852
46,4,-0.98720438702677,1.41190845024797
46,5,0.363104566165608,-0.552328121821417
46,6,0.13301391180332,1.63558049234682
46,7,-0.239978477977958,-0.980526435379267
46,8,-1.09629412370574,-3.13022682610056
46,9,0.00585670781460068,-0.352764562926874
46,10,0.547819213627173,-1.41785394448031
46,11,1.07383867044784,0.28864500577587
46,12,-2.18845049505602,-0.464935362086413
47,1,-0.801367614210405,-0.00300932594512593
47,2,1.36842383008893,0.468191601908204
47,3,0.323204412825339,-0.697563181882736
47,4,0.80997768307046,2.36368272362858
47,5,1.11353128991449,2.03941862210773
47,6,1.38995628055293,1.71071723220345
47,7,-1.36375365910025,0.0820001564833205
47,8,0.726531196988936,4.33692454400605
47,9,-0.968778130647247,0.244923972276399
47,10,0.411722329334024,-1.85662097235394
47,11,-1.60966255182299,-0.348824859460419
47,12,0.134062391868868,0.28500115331307
48,1,-1.23982570055406,0.977667116173206
48,2,-0.43091443485117,-0.211923304568242
48,3,-0.633697395000449,0.237852945968025
48,4,1.60422644188848,-0.0907097630388811
48,5,0.0184023304337383,2.45462193066279
48,6,-0.00210769343105998,-1.40027382461839
48,7,0.705816216266262,1.18444114767821
48,8,-0.758108180036139,-1.49676500881143
48,9,-0.538776036408465,-0.473828370671755
48,10,0.925074933528267,0.271989842912378
48,11,-1.03752422231948,-0.672853897586892
48,12,-1.23495569579409,-1.82958623994958
49,1,-1.24153697510981,0.186033978202172
49,2,-1.69914129047494,-0.24898275204913
49,3,-1.91275327773692,-0.424686957157893
49,4,0.877293015665864,0.133729953324498
49,5,-0.468248402532523,-2.24786723107784
49,6,-0.854062660177612,0.630511836220081
49,7,-1.3959052387126,0.289509016354321
49,8,-0.718483155842237,-1.46677699327117
49,9,-1.87679312583389,-4.03143381064246
49,10,0.583758359816841,-0.582142796652143
49,11,0.397630032745366,2.12045481259124
49,12,-0.681032103236641,1.36797267147869
50,1,1.40505193897605,3.07245504890267
50,2,0.349447870677307,0.389660836453949
50,3,-0.27526619019455,0.0847788113649587
50,4,0.351911959055597,-0.917170359642263
50,5,0.923192037457098,-1.06068433781121
50,6,-0.46702580807514,-0.675936408780174
50,7,-0.0440372805916437,1.19967228856207
50,8,-1.47405589305037,-0.192548313858022
50,9,0.492559590589567,0.783698082112252
50,10,-0.159799615488914,0.832500133190345
50,11,0.874773558317166,1.06340901473476
50,12,-1.2286935062124,0.115222570910265
51,1,-0.00374001203237283,-0.950545755033511
51,2,-1.07467096791839,0.775476667669155
51,3,1.23648770082763,1.33174342556582
51,4,-1.60943473198722,-0.119989219812396
51,5,0.631838051974093,-0.369577130686393
51,6,1.09399215171499,0.868128919858707
51,7,0.191392513745783,1.26016028692992
51,8,0.69330841578555,1.66915220144784
51,9,0.384695294961517,1.15691121764296
51,10,-0.807548011670316,-2.79763450008866
51,11,-0.448873157175377,-0.180871815180979
51,12,-3.11915292359008,-2.26126230162961
52,1,0.317362215506291,0.419651652447414
52,2,-0.492727881528555,-1.84739245570196
52,3,0.287556963339715,1.14724178576131
52,4,-0.0975330221686275,0.373010855685924
52,5,-0.839258585528257,-0.870800209501366
52,6,0.487023280057931,-0.520661029865492
52,7,-0.248456961706075,0.553940014745583
52,8,-0.749201878222506,0.17919045151661
52,9,-1.16206385304577,-0.51434657728721
52,10,1.23142839832258,-3.56026462343724
52,11,-0.608127330025745,0.555773849662233
52,12,0.107497954434349,-0.337772632517624
53,1,0.379791741214714,1.7721935640512
53,2,2.31741990091328,-0.670281342233153
53,3,1.0008991803916,-1.40656887964475
53,4,-0.325694215387063,0.396049412510838
53,5,1.01056658470235,1.02337202958948
53,6,-1.9301967535746,-4.04326106736336
53,7,0.603308963098468,1.17712303466614
53,8,-0.564619638000816,-0.105812813954337
53,9,-1.14877350464406,0.340157606938862
53,10,-0.0951012736304362,-0.443744357799474
53,11,-0.123462018725968,-0.592884170760202
53,12,0.200724560304194,-0.386834923470536
54,1,0.883874166052614,1.96522337617095
54,2,-0.322702167847738,-1.86566265223484
54,3,-1.41701052474568,2.24236956184512
54,4,0.896900103679105,-0.135433589891522
54,5,-1.60053760958893,1.00590746615248
54,6,0.000485257928210524,0.673508956374852
54,7,-0.0450597945729548,0.305440735793032
54,8,1.18440644543798,-0.568057375441465
54,9,-1.09952647039858,1.16103333110694
54,10,0.849818157273453,-2.83762863098348
54,11,-1.11399727475741,-1.54976448653986
54,12,0.749777516006237,0.627810066766124
55,1,0.45941596718946,-1.35927852421933
55,2,-0.112826299809344,-0.0406350593729547
55,3,-0.537910929932248,-3.65254473143735
55,4,-0.196719570886841,2.42450398508296
55,5,1.55977514420113,1.92465451475415
55,6,-0.421633667435004,-0.899801631797961
55,7,0.686272247982505,1.14544553307142
55,8,0.0604820074042485,2.05933099154152
55,9,0.387158673998593,1.27706011360291
55,10,-1.42372504556231,-1.14732071076072
55,11,0.458998193831268,1.37301026337567
55,12,0.626177807751486,4.60033587979285
56,1,0.964105136485307,0.491365176385758
56,2,-1.1709521967793,-1.06826626084097
56,3,-0.577381608247979,0.664084179513982
56,4,0.393055226996394,-0.581726753548369
56,5,-0.206357438874326,-1.65829311161643
56,6,1.95240470559818,-0.0233483162527822
56,7,0.401591294264723,5.02296658147257
56,8,-1.10138481063212,0.00194809035723409
56,9,0.409064245713108,-0.474382769563195
56,10,1.66480833151916,0.0670493823402999
56,11,0.0314274214035111,-0.696856548651687
56,12,-0.609164493630414,-1.72026001674614
57,1,-0.680831281320989,1.62919411108808
57,2,-1.78108243086779,2.19952980017745
57,3,1.25134062706583,2.80111080814516
57,4,0.455401749329058,1.56809079343973
57,5,-0.478675337446568,-1.64673041514138
57,6,1.3448358156037,0.667818071388092
57,7,0.883802785088698,-1.03476571490589
57,8,1.07052756756199,0.901828656782266
57,9,-0.796768710492979,-3.43742568040136
57,10,-1.03153577796374,1.53626718655762
57,11,0.923841894371569,0.866201148823752
57,12,-2.26444834788826,-0.615129697633371
58,1,0.853762775860877,-1.42558332761239
58,2,-1.7305910852017,0.906549287301065
58,3,0.475866747769626,-0.723536758695032
58,4,0.631898911181151,1.92477536689575
58,5,1.51198248512846,-0.0583470893934844
58,6,-0.699391218173624,-1.76862090580952
58,7,0.291059685493124,0.486889661471892
58,8,0.652449584707459,-3.42408956565957
58,9,0.589571223245576,0.618655375236245
58,10,1.2761515335314,0.216164106929878
58,11,1.17277887320983,-0.531727083504875
58,12,0.325811715981225,0.0180834501630156
59,1,-0.371799517363803,1.19590339973848
59,2,-0.569435025313701,-0.0367451429480065
59,3,-0.678663482922738,-1.76297460447249
59,4,0.0784237177131684,1.71790961008481
59,5,-1.96239738865616,-1.47745533908982
59,6,-0.370916003321985,-0.852810093921276
59,7,-0.677279010347685,-1.30177953305812
59,8,-0.328329128969442,-0.239903282517044
59,9,0.596766075301963,-1.42384797485025
59,10,-1.30799867545893,-0.489241526768038
59,11,0.902063920439306,-0.898512690611911
59,12,0.718618856236299,0.637932975231653
60,1,0.299283308480106,1.04679877488941
60,2,1.07664498859971,0.246185713689947
60,3,-0.293046570732357,-3.64031468793482
60,4,1.88411704881409,-0.598571484157813
60,5,-1.02518178843391,1.22948576622994
60,6,-1.14783891177108,2.71679040469057
60,7,-1.25029088618274,0.661113852937043
60,8,-0.755533367040407,-0.823647121881602
60,9,0.659608720483801,0.223789322983129
60,10,0.575297243439178,-1.47929574988946
60,11,-0.611759866675963,0.704012480114002
60,12,1.36937055202845,-0.488579708160467
61,1,-0.0155825123195707,1.98448164002391
61,2,0.747773640458594,0.0149789220634267
61,3,0.999125186527105,-1.37070262517175
61,4,0.202972171841821,-0.507764212165554
61,5,1.08117864485733,1.28039014358512
61,6,0.140911048831256,-2.30648400192857
61,7,-0.298577795241095,-1.84766977265924
61,8,0.468387324116121,1.06296141073836
61,9,-2.46239294148822,2.56544908716992
61,10,-1.7055721098593,-0.98313855007629
61,11,-2.06880103199051,-1.76796077963148
61,12,0.222696246270761,-0.316213166406739
61,13,-1.74680315591423,0.578533771929994
61,14,-2.86043271513081,0.446378023947001
62,1,-1.53443941471176,-0.499866861600615
62,2,0.553733949498911,0.162481206252666
62,3,-0.179000635104448,-1.36433919886468
62,4,0.796427221913273,1.7557597418225
62,5,1.06371136200624,0.911451178082066
62,6,1.25576245597094,-1.57741852663683
62,7,-0.200010899927722,-1.25851852431492
62,8,-0.588866330140166,0.392529178381956
62,9,-0.853820170492583,0.348623008597496
62,10,-0.266094938346256,1.19114337182709
62,11,0.633497194266351,-0.0104566606384498
62,12,0.0125868011845061,3.55042331746242
62,13,0.924084141897259,-1.2660105165095
62,14,0.466555239741659,0.0763891346162432
63,1,-0.918187763054477,-0.898699807318031
63,2,-1.10040779052715,1.28769473905292
63,3,-2.13344914765518,0.0442417170486169
63,4,-0.445349116326701,-3.60944198344781
63,5,-0.295446765203171,-0.385467720973081
63,6,1.56435434196691,-1.61703386823295
63,7,0.803161093059578,-1.12709049749383
63,8,-0.668898383442247,2.59862623197373
63,9,-0.848388729895101,-0.864328699620414
63,10,-0.475574532842144,0.558082819869037
63,11,0.388759934595108,0.420659758554966
63,12,1.13976695381244,0.206200297569094
63,13,-0.424264558951341,-0.215595628917635
63,14,0.915799025838081,2.1379943784155
64,1,1.32662785480206,1.65268393127023
64,2,0.87254473680009,1.98797965446793
64,3,-1.07910866686886,-0.733228699532767
64,4,-0.424841600525094,1.11348863657424
64,5,-1.41792096882666,0.698832018659782
64,6,-0.458229568592581,-0.528141997381696
64,7,0.521627155058598,1.59540750927034
64,8,0.991497028831213,-0.0846445328001053
64,9,-0.378875120941985,-0.229732693089241
64,10,0.374367188318556,0.123363883447927
64,11,-0.157454796707352,0.315043223134338
64,12,-0.471232430518723,0.0809072652915075
64,13,-0.597014266003021,-0.584427838979653
64,14,-1.13109986409978,1.08077914918015
65,1,0.120275557235599,0.565630848619764
65,2,-0.39451970150349,-3.58842375907243
65,3,1.0049894218551,-1.21158029391541
65,4,1.48679749372934,1.80287915216437
65,5,0.889963112877998,1.91409906463416
65,6,2.15745667878938,-1.69219747609812
65,7,-1.71601462887097,0.45477935496869
65,8,-0.254914795808682,-0.334175590644017
65,9,-0.134765418116911,0.421571458012101
65,10,-0.4897823845854,-1.46357123272422
65,11,1.17473610451041,-0.73344186994212
65,12,1.43609088278196,-0.20701820629073
65,13,-0.571673789128652,0.0179421499169243
65,14,2.68128634294524,0.775295537818998
66,1,0.14459808292984,0.140228890987872
66,2,-1.84597808892765,0.809184225964112
66,3,0.621691478655204,-0.474710153043378
66,4,0.478843085945043,1.06635005863171
66,5,0.0308621982950668,-1.3734217681626
66,6,-0.00884640669272631,-0.0117844397336509
66,7,-1.79151013958926,-1.10477344425848
66,8,-1.66363023420565,0.292201380681096
66,9,-0.502483478185066,-1.37754748011611
66,10,-0.157689462273328,-0.442315032244359
66,11,1.1162969556856,1.00866102533768
66,12,0.208437625739572,0.117903737882731
66,13,0.362945128613163,-1.37465198949876
66,14,-0.767818862237651,-0.836315575011028
67,1,-1.31676148777893,0.521154135132869
67,2,-0.0940811106338399,-0.403799897954578
67,3,-0.328197964021276,-0.278552146030324
67,4,-0.54334683578602,-1.18867299695334
67,5,-0.178614310354256,0.834213259078134
67,6,-0.282046716339718,-1.00390968826429
67,7,1.69789353294128,4.09521721578621
67,8,0.708216271911449,2.08828758624334
67,9,-1.31566317513561,-1.71467961033944
67,10,-0.418732627090228,-1.17385394828408
67,11,-1.8622047268763,0.604094271832804
67,12,0.334167480715825,0.186742041260801
67,13,1.46051657619712,0.0266692911885926
67,14,-0.639079989179597,2.09273621186103
68,1,0.0915938407423659,0.0216419593832932
68,2,-0.15846748402276,1.21123009783052
68,3,-0.186445939297096,0.388211935401247
68,4,-0.0294784396038365,-0.927027544055293
68,5,0.485876947151319,1.56667901219899
68,6,0.744457878494782,-0.20076118119871
68,7,-0.765474086418106,-0.245027615778961
68,8,-1.23715258358426,-0.335433778175396
68,9,0.972090265650212,1.96821850187871
68,10,1.80288009955664,-1.64125768234621
68,11,-0.7456410548051,-1.07707382283716
68,12,-1.53352488830713,-0.15245518479732
68,13,2.15387716898054,0.78525815572871
68,14,-1.25149844775107,-0.457049844044393
69,1,0.429109476030516,0.6017240234153
69,2,1.14988378587237,0.734091199293778
69,3,-0.0411132852152717,-0.383405514689866
69,4,0.96221234339917,-2.95237548779952
69,5,-1.66805174748491,0.897264689150167
69,6,-0.855619244240822,1.02327807939892
69,7,0.0373305375043437,-2.13720502473475
69,8,0.557849975703518,1.17642905381012
69,9,-0.603820198459639,-0.46933192630859
69,10,-0.49146241915554,-0.0612810549706749
69,11,-0.94464402684018,-0.124213552998631
69,12,-0.549105722784607,0.133410053405789
69,13,1.37656525938188,-5.05739416695421
69,14,-0.067334663298035,0.875766185021598
70,1,-0.70587218115902,1.19843401332988
70,2,-1.48714758689655,-0.0679754617556003
70,3,0.484531954235337,1.14800210434024
70,4,0.95762269216694,1.23990000672968
70,5,-0.876508269924274,0.0481048897175336
70,6,-0.68455984957483,-1.12714553177955
70,7,-0.73770780783065,-1.90139798810129
70,8,0.251239382720294,-1.62165354863196
70,9,-0.279258423084256,-1.31031458149052
70,10,0.59310637113572,-1.37838840977115
70,11,1.08708695721373,1.70153581846103
70,12,0.273101981134495,-0.00332163906633659
70,13,-1.10462071093749,-0.0827811661338519
70,14,-0.00783661710480497,-0.298051492765325
71,1,2.6448424084569,1.45468348537961
71,2,-0.296988482950931,0.799439168601811
71,3,-0.454423367661108,3.1532492678321
71,4,1.78799741776016,0.609492834634169
71,5,0.576690817378613,-0.657152615276003
71,6,-0.324701235663224,-0.632646049264858
71,7,-0.73216958512693,-0.975453135379132
71,8,0.910190218078135,-0.0578441915871672
71,9,-0.0123850730895083,-8.9037325693794
71,10,0.186170060832692,-0.493025503924158
71,11,-0.143623473443401,-0.559414637779971
71,12,0.0639348168007324,-0.198147719461699
71,13,1.27988395371863,0.55101283782543
71,14,0.233476332161852,1.32154424649802
72,1,-1.01234538075933,-0.585411980914543
72,2,-0.605339153252501,0.310252329831084
72,3,0.379507672702302,0.144467991085635
72,4,0.61640255810865,-0.0250572357950795
72,5,-2.02267140497581,-1.92557286551696
72,6,0.745515420882781,0.0242917550119225
72,7,-1.08108068721122,-0.480281469534488
72,8,-0.809966764594899,-1.66287105836409
72,9,-1.74841728427032,2.06949832773874
72,10,-0.0582993812660033,-0.307237709708906
72,11,2.17994863703041,0.303133129998445
72,12,-1.44263126739154,1.69625273483896
72,13,1.53924690985865,1.24442353239885
72,14,0.222041294280208,0.856787106449346
73,1,1.09905438907461,0.600624089711099
73,2,-1.22943883320486,0.160511320221728
73,3,-1.21675155776992,-1.55839492740472
73,4,-1.33921388271739,1.57135741333691
73,5,0.896873492611871,2.72681047031893
73,6,0.704384603836844,0.421974819960437
73,7,0.703622052704859,-0.264979344497615
73,8,0.24661987408121,-0.606488674505717
73,9,-0.407835177169461,1.41994380409044
73,10,0.356900049962413,0.115988455457232
73,11,-0.026073293075249,-0.839538808166615
73,12,-1.23784899426157,-7.79355684970995
73,13,-1.70686803959643,-3.48144388915657
73,14,-0.435308671967004,0.969146300738309
74,1,-0.204882390498573,0.724873252831443
74,2,-1.64355788998024,1.3883196709486
74,3,0.954329464860081,-1.40283361678089
74,4,-1.42255118620508,0.347748349267071
74,5,0.445113920278483,0.577044826869903
74,6,-0.485764756388727,-0.13982151775525
74,7,-0.093360568245197,-0.723113566671907
74,8,-0.829224923163623,2.66675178322515
74,9,1.23041111135033,-5.05731953839455
74,10,1.40215706833336,0.642627370338519
74,11,-1.80087787045219,0.427727753978968
74,12,2.1647953533903,0.552241149564234
74,13,-0.462899239276213,-0.606387685800928
74,14,0.497709546532752,0.0975126431050573
75,1,-1.56356768285018,-0.581164843422463
75,2,-2.02981449246716,1.69047187173439
75,3,0.715837230927329,-0.282484345160379
75,4,-0.826337147438907,-1.39045005083256
75,5,-1.8143468578882,-0.314061577856991
75,6,-0.657073136860811,-2.7744892487132
75,7,-0.287438801591894,1.01372100087448
75,8,0.315142442644962,-0.33273253675005
75,9,-0.199638791770207,-0.566330281848838
75,10,1.47411025500246,1.10012306323941
75,11,0.0290631047614822,0.595137741710325
75,12,0.0917139171021149,-2.31706497227522
75,13,-1.2872510223843,4.36524392785984
75,14,-2.21589516148934,-0.674761934878789
76,1,-0.183938771814351,2.16276180143466
76,2,-0.454511852337168,-0.0597112583048095
76,3,0.547224580743038,-0.840819298498769
76,4,0.274760604147453,-0.0522649188574978
76,5,1.37374774313569,0.215619789655766
76,6,-1.36155030115371,0.633025720136781
76,7,-0.120222086535011,0.0362902144519144
76,8,-0.578867481868345,1.14047017085898
76,9,-0.0771596244537511,-1.06483919428361
76,10,-0.852923426801805,-0.0276986353108759
76,11,0.0929189629365623,-3.51045395046645
76,12,0.779999545600283,1.99251548653216
76,13,-0.715520818550784,0.0517514387252426
76,14,-1.12326876231918,1.91243576198932
77,1,0.846037752306346,1.3267865594467
77,2,0.807041109074267,-0.237833047024811
77,3,-0.603089383547894,-0.69241067332825
77,4,1.29739279210911,-4.52179621272402
77,5,0.534983859866821,1.4983684532756
77,6,0.537748042520242,-0.597971105428574
77,7,-0.0254908970209295,1.82394195839592
77,8,-0.682313427056426,0.0612426868086687
77,9,-1.40659447403349,0.473751787255926
77,10,-0.78622033094972,1.28253511478386
77,11,0.510826591782192,-0.382019662845771
77,12,1.3097345759847,-0.532446574517601
77,13,1.46241587398451,1.01032248495966
77,14,1.58935251100654,-1.21666975468662
78,1,-1.19447550531327,0.664090980229465
78,2,0.381401757287737,0.184781884525435
78,3,0.271344050253985,-0.0952401819579313
78,4,-1.5847446460444,-1.02611395579074
78,5,1.02284348871558,2.10072705338505
78,6,0.836255477805145,1.13945293899855
78,7,-0.57881540337161,1.44586270964727
78,8,0.572056631807223,0.189769681695617
78,9,0.00278592965103096,-0.450221155447858
78,10,1.83702854778383,1.81505726206093
78,11,2.40784110937942,1.00678233916304
78,12,-0.213279460450998,-1.64977835364347
78,13,2.30163239801215,3.58536346874161
78,14,1.80788351361441,0.553868338782927
79,1,-0.533609876609059,-3.73088447770093
79,2,-0.0158865923379926,0.382552387264818
79,3,1.17479929858531,0.940841432992998
79,4,-1.59746896768015,-1.22669978794524
79,5,-0.548500935077608,-1.77672623218585
79,6,-0.312919772681382,-0.222856403943387
79,7,-0.603218445696665,-0.108507442350361
79,8,-1.1364283505476,0.462289158217414
79,9,0.0505364042978863,1.96731455961474
79,10,-1.00454299895098,-0.181256965162971
79,11,0.0457504427022109,-0.00689785861250632
79,12,1.3472162820364,0.0356335714986782
79,13,1.19771862458249,0.018441707932147
79,14,-0.219708425472884,0.852672780456957
80,1,0.521683888839085,2.8078989575352
80,2,-0.932785321413069,4.91630596942018
80,3,-0.934825203639942,1.53979110654263
80,4,1.44919792609099,0.836450726101741
80,5,0.267692128804244,-0.632510635494556
80,6,-0.807949601152046,-0.567991489224851
80,7,-0.442984457230543,1.04874961334602
80,8,-0.0549704804042133,1.18568324572496
80,9,0.856051702561651,-0.603297446134384
80,10,0.857191660014802,-0.682297757767555
80,11,-0.724440011247429,-1.39099092577809
80,12,0.159546876851143,-0.277309256005853
80,13,-2.79806811480788,6.2516710414671
80,14,-0.807456367151115,-1.52162018283268
81,1,-1.18432695167369,-0.475011892837195
81,2,0.197411725382544,0.391645073540741
81,3,0.376025203118748,0.597901621313312
81,4,-0.801171972950251,-10.5100691139402
81,5,2.19997493683481,-0.0657568480106173
81,6,0.092670935644727,1.76195344391993
81,7,-0.783897119200737,3.33572837680922
81,8,-0.896686109529122,3.21426340176954
81,9,-0.828707925441986,2.02282471098153
81,10,1.27416388316147,0.145677823397786
81,11,-1.69830396912623,-0.838230533761608
81,12,0.0209139464449264,0.0287179141811094
81,13,1.23898968478013,-1.95140605801092
81,14,-0.051684292282621,-2.45402435298592
81,15,0.381264005213921,-0.735444178155306
81,16,-0.284758848825905,-0.834724966353006
82,1,-1.6043735478521,0.391761393828377
82,2,0.00444997943101247,0.374101454508378
82,3,1.02021059714953,0.217729127484443
82,4,1.41920572158166,0.0129833780822514
82,5,-0.622559524084977,1.28272123400298
82,6,0.680792499985121,-0.075148141043729
82,7,-0.780227937306926,-0.818386567683759
82,8,0.354446294377783,4.30589252812754
82,9,0.2159907321258,-1.20937654486604
82,10,0.0195995031870308,-0.310228486903981
82,11,0.297819904976102,1.08806622768528
82,12,-0.751765179923854,0.548216565474101
82,13,-1.82808049238579,-1.85533870632862
82,14,-0.58095212406955,-1.17022160094252
82,15,-1.96185484711035,1.93183792537984
82,16,-1.26253451164339,0.229809750046164
83,1,0.301347689472422,1.67111682417954
83,2,0.00503213399442513,1.37478248205824
83,3,0.320553006013675,0.699797778814631
83,4,1.15840092735027,-0.117517238514279
83,5,-0.0289743804022637,-1.27106403678772
83,6,-0.953990903872756,-0.237574101979743
83,7,-1.43705034104448,1.36038142408711
83,8,0.726417361926554,0.00634426432686361
83,9,-0.716429966063458,-1.60961231847194
83,10,-0.174799683216163,1.04558619246452
83,11,-0.335395334406511,5.9679523407642
83,12,-0.896276800641451,0.939755583823805
83,13,0.846212175531706,0.0792814061173631
83,14,-1.13059319513723,-0.135028343390122
83,15,0.00679548954420934,1.72561193322386
83,16,0.502131690735926,0.307226490063688
84,1,-1.02129457290159,-1.38111967725692
84,2,-0.436443585784071,0.341284451721793
84,3,0.860405128906424,-0.278165569861714
84,4,-0.906717129305438,1.05939938625536
84,5,-0.0683767388022572,-0.0119127817635601
84,6,0.142930317632227,-0.879489750200179
84,7,1.13946856622482,-1.20646762564805
84,8,-1.35644808003707,-0.845669861094452
84,9,0.781448950980743,-0.370365862548198
84,10,-0.176324022153596,1.41881929270796
84,11,1.35112586435476,-0.181315817243657
84,12,0.334643455197566,-2.47975098205211
84,13,0.42974186362817,1.35481746616812
84,14,-2.23250842084783,1.22405483734012
84,15,-0.0315534148301619,1.90528914415537
84,16,0.549801296819712,-1.67785957184644
85,1,1.45532663942919,-2.07873236103811
85,2,1.52225427388653,-0.378311307519444
85,3,0.105949027159638,-2.01794460532606
85,4,0.39647733027276,-1.20424954653122
85,5,-0.531827651237132,2.34900242743631
85,6,-0.0417909096313721,1.0369551907497
85,7,-0.672840890997542,-0.654071309453493
85,8,1.24903395398405,-0.739256540717822
85,9,0.489856636908961,0.143271567875358
85,10,0.247957388613321,-0.249947042653115
85,11,0.454464901791706,-0.469976831519511
85,12,-0.51055714799659,-0.611575949118472
85,13,0.29131910886957,2.34699023504496
85,14,-0.129632067723881,2.26693097467255
85,15,-1.15099582615388,0.157331141970352
85,16,-0.566205775916925,-0.281177142800336
86,1,-1.21393388086742,0.370217928216265
86,2,-1.60380944706089,-0.417587849373011
86,3,1.67235711846608,-1.53845677984873
86,4,-1.38377677888283,0.997905745493207
86,5,0.615897643749355,0.443235323619032
86,6,2.12620759088163,1.80949577518191
86,7,0.107195365689914,0.609414787126006
86,8,-0.715183373136765,-0.489178973533002
86,9,-0.735208536332022,-0.827914975649586
86,10,0.651991036819958,0.0914201948536672
86,11,1.95505638065361,1.37744983691882
86,12,0.249129874722847,0.477571692549426
86,13,-1.36683526917723,-0.935647435635201
86,14,0.839317850118893,-0.342035021385223
86,15,1.38703660579547,-1.928950284751
86,16,2.02718784908799,3.97853893698977
87,1,-0.983063150004742,0.742821281283476
87,2,0.487020542407252,-0.272651196845839
87,3,0.0919529136767037,-1.28551344569017
87,4,-0.530094527308158,0.0712986686750899
87,5,0.953609973825334,-0.986134943704654
87,6,0.399283900038996,1.4625553972955
87,7,-1.55228113065855,-0.69010890363298
87,8,1.8825610547369,0.419672816058219
87,9,-0.28662459178516,0.735613246783522
87,10,-1.20728337373299,0.130921742518992
87,11,-0.557700842936449,-0.0179938383220944
87,12,-0.24767103978066,1.21548277900828
87,13,0.954647074447173,-2.07856617831652
87,14,0.642155255948374,-0.0629867017470933
87,15,0.803351730216438,1.80790890730996
87,16,0.871950138266856,0.403540405087077
88,1,-0.161483336637003,0.438021935023634
88,2,1.33433144419829,1.04546634595727
88,3,2.43182181370333,3.96762483407208
88,4,0.8238250846061,-1.34454629888854
88,5,-0.164311834448625,0.459077706167548
88,6,-0.479490568765775,0.606038729795567
88,7,-0.47440808155728,1.39231202662382
88,8,-0.548088415416762,-1.30825067183936
88,9,-0.290089627470613,0.520286881687075
88,10,-0.997146028266511,1.34896041583117
88,11,0.405201029609827,0.618807518898447
88,12,0.547038543212964,-1.19272431126056
88,13,0.957889720044694,0.951682564802039
88,14,0.327131734678871,2.56090250412416
88,15,-1.86158561266345,0.196587746624292
88,16,-1.53397770935569,-0.431148778314233
89,1,-0.0834060177613088,0.45348265859336
89,2,-0.804510888416493,-3.20286568643817
89,3,-1.11375959979979,-1.03560168407495
89,4,-0.783791229888536,0.438048168590658
89,5,0.495033245216934,0.911715330065286
89,6,0.624342392562245,-0.393304439345166
89,7,0.473039267788134,0.436876292005637
89,8,0.0575898171180359,-0.333311941280422
89,9,0.651996315640469,-1.25219762864151
89,10,0.610018589455844,-0.203213201880804
89,11,0.0164697819555192,0.410116484016478
89,12,0.685539416186378,1.50009009164595
89,13,1.69197611839353,-1.55267176318822
89,14,0.119236125229182,2.38672341784327
89,15,0.864166181419625,-0.401986994935164
89,16,-0.0647632572955778,0.991850999995979
90,1,-0.0336141601959358,-0.62085475600181
90,2,0.493819415728936,-0.906582674682703
90,3,0.760900655144648,1.50095860520586
90,4,0.809885481446426,1.2733861152342
90,5,0.113363489354211,0.103448278659685
90,6,0.134331275911802,-1.15125595722736
90,7,0.837317067882189,2.19188480796307
90,8,1.10590006182127,-2.23873656470017
90,9,0.391810315001521,2.96548516566555
90,10,0.933618830748342,1.37212790929278
90,11,-1.00063983158226,-0.732151169656113
90,12,0.411676161166647,-3.28718156941743
90,13,-0.999414644139694,-2.91012868762969
90,14,1.7752284976772,1.3147175052463
90,15,-0.630275404371274,-0.378910816658853
90,16,-0.113541976337216,-0.435252649045323
91,1,-1.54517879153594,-0.70706548243147
91,2,1.73573350857864,-0.493703928419068
91,3,-1.00549392362358,-2.19627983374103
91,4,-1.24408548957374,0.997821590857991
91,5,0.381828753082475,-1.09573394506787
91,6,-0.975503275399403,-1.09381623629634
91,7,0.304756071212614,1.48224663467425
91,8,-0.129314777257309,1.99388348953673
91,9,-0.181671612768069,0.334382091904269
91,10,1.11436615859906,0.0491379628019108
91,11,1.18828152846496,3.87590038806701
91,12,0.430161127154222,0.874135506412089
91,13,0.78581649334164,5.66143228979167
91,14,0.600436812883255,1.74598869296091
91,15,2.16129651637298,1.0617739714251
91,16,-1.16505390095061,0.220670637583803
92,1,-0.819741818606733,-0.339222244520212
92,2,-1.8321093556207,0.472021176738362
92,3,0.291381891764651,-0.264778661764206
92,4,0.00292774911425512,-1.31964288125489
92,5,0.232234518764849,-0.346488855094409
92,6,-0.477624009498405,0.503848397629914
92,7,-0.741879269438162,-1.75299456131051
92,8,-1.39075840490447,3.11846447209201
92,9,0.885364230927727,0.469090956145335
92,10,-0.722901482387751,-3.14977555201998
92,11,-0.839580598421133,-0.494303164448536
92,12,0.725166110088893,3.30998049601558
92,13,0.23132664061403,1.05012568882037
92,14,-0.260549105733647,3.17719256301491
92,15,-1.12612701733529,1.61819912276892
92,16,-1.21850619463943,1.29468902200716
93,1,-0.416990684499103,0.466734528212165
93,2,1.66431521974936,-1.30073425896573
93,3,-0.80892516613898,-0.76322743222602
93,4,1.43811523073543,-0.616713247395802
93,5,3.21662414803327,1.86550619881057
93,6,-0.374922381457996,3.54396414402439
93,7,-0.431735139761095,1.42711395256867
93,8,1.27502305747918,0.78856627414003
93,9,-0.660086374951346,-2.53855149228795
93,10,0.876551204648398,0.0719470689959185
93,11,0.643486003292661,-0.474659364500864
93,12,0.33874400867083,-0.625402545773401
93,13,1.38647182308988,2.6475710038323
93,14,0.0427768026800538,0.931537642711851
93,15,-1.00605680663758,-0.730422923571692
93,16,-0.694676911410845,1.79493544683581
94,1,-1.0775935496341,0.150693791421539
94,2,-1.17142337279506,0.0152177021137842
94,3,0.991569602060213,0.0637009645942183
94,4,-0.114014337802588,-0.634951462395888
94,5,-0.697026677062429,-0.286448354711206
94,6,-0.538719559126884,-0.231902589394056
94,7,-1.06195230496723,-0.685715328660003
94,8,0.945612401083842,-0.200370514822249
94,9,-0.134530731648431,-0.0238998550943864
94,10,-0.261794189999505,-0.0763620446132173
94,11,1.34675119250991,-0.255099170335138
94,12,-1.524997295392,-2.56517575424042
94,13,0.393900828536553,-2.51991821202426
94,14,-0.512517449747464,-0.692628358651262
94,15,-0.211544420398365,0.437712997216402
94,16,0.530911335675059,-0.369710781271493
95,1,0.9178343782303,-3.1022418786475
95,2,-0.14858132340323,0.285017183634834
95,3,-0.0934159825874359,-0.803524344513449
95,4,-1.67986320971443,1.80214769816898
95,5,1.87895036751788,0.5734616602561
95,6,1.76423599517766,1.52111216690922
95,7,-0.604718600457478,1.1081446895729
95,8,0.838923586388791,-1.25184444905531
95,9,-0.869322077256016,-2.73356296068758
95,10,-0.917402448656059,-1.79197296224442
95,11,-0.408331418956629,-1.36611767809662
95,12,-1.18441041844273,-2.1527023989349
95,13,0.681024348065706,-2.7996801661296
95,14,-0.599089502873852,-0.59308263769742
95,15,0.313956523225629,0.831179786634743
95,16,0.838050385424914,0.277878917608314
96,1,1.07239859471245,-1.80588848685632
96,2,-0.661994500555607,-1.26160285134888
96,3,-0.111596057694468,0.556472693354043
96,4,0.223207510362957,1.04859347145207
96,5,1.44457827658161,1.67812980293423
96,6,-1.60009228747481,-1.21706851613245
96,7,-0.797466783730448,-0.957085258586406
96,8,-0.527232881088437,1.03829762443722
96,9,-0.257954920320889,-1.39078108918712
96,10,1.18356988663813,3.06745912456681
96,11,0.841760670431378,0.857399797215922
96,12,1.10073570734412,-0.108616582085012
96,13,1.57571847697482,1.4439415095146
96,14,-0.222166425107375,0.533179152836563
96,15,2.66850697925835,-3.35302591781001
96,16,0.0978623590308402,-0.82275488135474
97,1,-2.02133756889735,1.84596692736534
97,2,1.13500170697584,-1.46841802227986
97,3,0.200144866087133,-0.41854084741126
97,4,0.417093551528666,-1.14153412765373
97,5,1.24709371385555,-0.573549422608677
97,6,-0.860710638170009,-1.85106208317636
97,7,2.44964044427219,-0.460704569701598
97,8,0.322187936897537,-2.04143646995772
97,9,0.803599879176517,-0.145376523039648
97,10,-0.660965175491849,-0.0671183752190523
97,11,0.930155407816054,0.824374030126532
97,12,0.100014353377844,0.551105939362669
97,13,0.492478891248359,2.44057132288698
97,14,-0.993739224601541,1.68931279557409
97,15,-0.402690456446054,-0.984020379831289
97,16,-0.406398973009429,0.863373921820905
98,1,-0.517660607232455,0.131578718074128
98,2,-0.100428819952569,-2.09162029199416
98,3,0.252201835327065,0.115712866193685
98,4,0.346986322802867,0.500192724974499
98,5,0.836041358507196,2.52457938376326
98,6,0.136801832429278,-0.863392971970299
98,7,-0.106534563406509,0.529008607988642
98,8,0.44554296721308,1.56292161260956
98,9,0.0455730514098991,1.46464644854194
98,10,-0.573746792757728,-0.013600398899072
98,11,-0.0622655741382103,2.00698479302361
98,12,-0.777839579789633,-0.528997081531356
98,13,-0.110865174304708,-0.89396244477001
98,14,0.374028400370929,1.88412751460936
98,15,-1.06962720151772,-0.987235098189814
98,16,-0.328207204020803,-2.67847903715357
99,1,0.315719056210156,0.475044991638571
99,2,0.96023633809465,0.564269575084339
99,3,-0.141273989374598,-0.0227991995859457
99,4,-0.9265230130441,-0.98567938179526
99,5,-1.11635118884886,-1.27445892842667
99,6,1.75059337617077,-0.462055336456648
99,7,-0.553804937786874,0.410031573965836
99,8,1.44430027757708,1.30086869506241
99,9,0.905179864402553,-0.220245816204312
99,10,-0.144441890503087,0.0209886511204944
99,11,-0.589271525014294,-0.296235565951734
99,12,0.799690816885033,0.0659635872371254
99,13,-1.642112955758,-1.9572777942081
99,14,0.673244224621765,-0.976180168320667
99,15,0.85065895291116,0.306902327648793
99,16,-1.257406877418,0.652177560821372
100,1,0.411544038216363,0.306018582918011
100,2,1.90369001745123,4.64124576062649
100,3,-1.5893956031649,0.41566782390239
100,4,0.207550338952755,1.38899150819796
100,5,-1.20988036946948,-0.806821823975551
100,6,-1.42566645188085,-1.122285575618
100,7,0.801380910970168,-1.54555108956746
100,8,1.17812515144082,1.55576466294926
100,9,0.518804359277,-2.2493256092445
100,10,-0.175709374403908,-1.34285871484986
100,11,0.0821948770419657,0.633979932303851
100,12,-0.894484824999713,0.398037094436286
100,13,-0.599291704738407,-0.998642940691257
100,14,0.575270087581775,0.355536007330467
100,15,-1.47353324824987,3.269069920583
100,16,0.341258785597954,2.28759495383002
101,1,0.667006496074808,0.200502913133363
101,2,-0.679749569420532,-0.457102107899826
101,3,1.66636578598102,0.215270247439376
101,4,0.154052091782259,-0.202857242996434
101,5,0.518197781987661,-0.0534491353995652
101,6,0.857261207545027,-0.0964927473131341
101,7,1.13784087562773,-1.64215982755724
101,8,0.0732471285604923,-0.210004068607734
101,9,0.432034997492289,2.28550375283457
101,10,0.0424490299372599,-1.20165343870175
101,11,0.22893676497011,0.139751981916348
101,12,0.536578780635045,0.836211439581078
101,13,1.0188468295738,-0.841470008976211
101,14,-0.365072267464097,-0.815383505055182
101,15,-1.23521488345159,-1.14162876028407
101,16,0.475540193900567,-1.24008315862962
101,17,1.31521576963646,2.16365617275733
101,18,-0.926341759664974,-0.157006957323649
102,1,-1.55532988919108,-2.86614623620514
102,2,-2.05868115144181,-1.64174170691449
102,3,-0.372037485285654,0.530840350994301
102,4,0.962710236149629,-0.32630267455861
102,5,1.16093709545833,0.808973426354266
102,6,0.881330478930162,-2.38576344828388
102,7,1.34559755089044,1.87665106899958
102,8,0.919419206127518,0.34007904370004
102,9,-0.665576679734438,-4.0160452404883
102,10,1.03417594629943,0.212335484653295
102,11,0.59245486509365,0.0170995095304179
102,12,-1.84916704491562,-2.49405028253277
102,13,-0.749846052002081,-1.19527636076244
102,14,1.79744595997433,3.4821195677603
102,15,0.612381154421321,0.902150410458066
102,16,0.284262841917345,-0.447626738416707
102,17,-1.88975149864328,-1.24786294839437
102,18,-1.09439170148609,0.291891106818372
103,1,0.976663463154156,1.23815665243966
103,2,2.46916327675887,2.02550113024862
103,3,0.407003123975665,2.5560669172436
103,4,-0.941595758801315,-0.273466704843467
103,5,0.349698786220096,2.12467437014445
103,6,-0.720744723711385,0.0683222441740452
103,7,0.832144129852663,0.35106562381469
103,8,0.597577752075576,1.12585584863933
103,9,0.413869633300634,3.07426573261855
103,10,0.917859543187805,0.0926401527142003
103,11,0.778584749343716,3.99940472240528
103,12,-0.81235585697357,5.02037617199781
103,13,-0.657562072247703,-0.350467399219325
103,14,-0.100024474228041,0.107140058038957
103,15,-0.339400172827064,-2.14585283430726
103,16,1.51178323637541,1.07363444981629
103,17,0.435805482160612,-0.673256209419276
103,18,0.530675992978794,0.415258526252165
104,1,0.69805324012344,-1.50601273946757
104,2,0.176048845639854,-1.1480880504557
104,3,-0.99048780607464,-0.28259396039401
104,4,-0.388734001652316,0.300445139494017
104,5,0.0679097476077117,0.0546237653930795
104,6,-1.64647950080447,0.0509223689872946
104,7,-0.077342088986161,0.0408291798142496
104,8,0.390130328798679,-0.84181949766175
104,9,-0.152070865926791,-0.662989235411122
104,10,-0.0645361871695214,-0.631239358253797
104,11,0.567400952764693,-1.49829652801166
104,12,-0.600570024518954,-1.77220134723023
104,13,-0.85270186123384,-0.526456301447073
104,14,0.552650212185324,-1.34251353827951
104,15,-0.542849297887322,-0.239509797073469
104,16,0.00494074961925378,-0.0466759715159123
104,17,-1.21586664575276,-1.12673044726701
104,18,-0.68680046977158,-0.570579413472616
105,1,2.24172554030525,0.798969378332551
105,2,-0.173493966507543,-0.963688176531989
105,3,0.94377696678321,-0.00570885887316497
105,4,-0.187025607283684,2.45022569526988
105,5,0.138520056934617,-1.40034667661021
105,6,0.723612166007166,-1.27887711649744
105,7,-0.116844998005495,-1.46185971823408
105,8,0.409706766445372,-0.250117448664374
105,9,-1.31238314118698,-0.484697501984095
105,10,-0.650056145290798,0.994482024712559
105,11,0.876423101137449,1.72956791817752
105,12,0.0854463051747627,-0.442087537728387
105,13,1.05461560515229,-0.404591222900103
105,14,-1.17056629117611,-2.26411683758902
105,15,1.77353922822929,1.60232919675214
105,16,0.85923454109789,0.860237938266651
105,17,0.351687712398297,-0.492533804419517
105,18,-0.555477703470064,-2.81294410175067
106,1,-0.616759156959338,1.51322355395733
106,2,1.32733428468669,0.737621419654835
106,3,-0.982486446104173,-1.95048319697201
106,4,0.637158057697475,0.0919224375087511
106,5,0.140645194025396,1.50734944580833
106,6,0.87677261687009,3.11742478778275
106,7,-1.27152871545388,2.1091689908569
106,8,2.49841285745188,0.52438244119218
106,9,0.252442809796258,-0.264511106523614
106,10,1.92759247373589,3.52567383744158
106,11,-2.43619727713812,2.73920991984502
106,12,0.161727560510061,0.760258179141775
106,13,-0.0646541725782904,-0.927190337505084
106,14,-2.40941788846322,-3.85350810840141
106,15,0.910603533855203,-0.594326637200173
106,16,-0.709963667466378,-2.96015544238864
106,17,-0.848389103056707,-0.876922916107099
106,18,-0.700716681388603,-1.28359240087525
107,1,-0.663181101027427,3.05832045750365
107,2,-0.0679723008991661,1.33149713073032
107,3,-0.369544173653053,0.00411564032397392
107,4,-0.718746334372308,0.720142058358303
107,5,-0.0671623407822276,0.674701319571679
107,6,-0.387126008137693,-1.43227197904903
107,7,-0.13726291657807,1.59633802858496
107,8,0.679717464097783,0.5845768468295
107,9,-0.805385067346153,-1.82404190004632
107,10,-0.76428161298259,-0.544096612742891
107,11,0.89725964854818,3.0400738817695
107,12,-0.991422110700964,2.46573901882219
107,13,-1.85700542883952,-0.659171269152608
107,14,0.466285123907815,-0.109667694574284
107,15,2.43502554228135,2.79904038398878
107,16,0.199750041562794,0.401134858638616
107,17,-1.13538593860956,0.390857950239893
107,18,0.107008432582706,0.838007737003355
108,1,0.745315247733298,1.25736380753555
108,2,1.70925665685912,1.48097231609782
108,3,-2.23877473048538,0.29417459895767
108,4,-1.56833753479222,-1.76240029017176
108,5,-0.163325846234209,-0.993207080535699
108,6,0.701660409150182,2.04374029374264
108,7,-0.510040640678926,7.68300845194476
108,8,-1.13592082658722,-0.956746863511125
108,9,0.161608698042449,0.11493549207008
108,10,0.678394725082322,0.0984170314753225
108,11,1.03329002934414,0.62830861361619
108,12,-0.660710372027179,-1.88831689170024
108,13,-0.246116832078414,1.35916943815145
108,14,0.203341092945142,-0.100063776312675
108,15,-1.22113878137377,-1.51269260098093
108,16,0.489663819461108,-1.95751653435756
108,17,-0.968730470456858,0.722291241096473
108,18,-0.506493123342004,-1.03185712866112
109,1,-0.607255557127098,-1.99795435816722
109,2,0.718381565705753,1.14646588022179
109,3,0.557225488665134,1.06103106859978
109,4,-1.57789356110341,0.454137340431828
109,5,-0.180187173069499,-2.22983658313747
109,6,2.06036942678513,0.440045762830035
109,7,-0.310856394874618,0.609524557192599
109,8,-0.444661462944024,-3.35661016926724
109,9,-0.379740471708626,-6.16503743775989
109,10,0.499834929154767,0.0247618266706182
109,11,1.8750046709756,-0.985348286880862
109,12,-1.38588585956866,-0.417546004001472
109,13,0.20390982457404,1.01816472973171
109,14,-1.54154745354061,0.35550907205001
109,15,-1.03367688436362,-0.430012335881842
109,16,-0.626495698543099,-1.19793366889828
109,17,0.53059674165744,0.954114682887229
109,18,-0.282748013705161,-0.616679099282011
110,1,0.870288339064327,-7.94453629278413
110,2,0.17025265993748,0.390158169281273
110,3,-0.0539441415646381,-1.6841631414885
110,4,0.746088927981277,0.827942162482488
110,5,0.948270028584181,-1.19386581961527
110,6,-1.2905605734753,-1.31248889808929
110,7,0.12673630301572,0.585085560712354
110,8,-1.20745176415872,-0.405612718263317
110,9,-0.844611282810466,-0.613074827037711
110,10,-0.392626957615241,1.69445634650341
110,11,-0.572618235180295,1.76101120419152
110,12,0.994096577692746,1.08443541231234
110,13,0.423162177403163,1.03407018317464
110,14,-0.0637447411409324,1.77932485793812
110,15,-0.0926364163842712,1.07320075852736
110,16,-0.566940917343544,-0.390360251965276
110,17,-0.112917439088098,-0.155162217185302
110,18,-0.118015901074797,0.719718063280579
111,1,0.245099053280568,0.331097950207283
111,2,-0.552474270844315,-1.28323936330422
111,3,-0.172431692301961,0.113204600277678
111,4,0.333286336515776,0.216847786019041
111,5,1.40735816096245,-2.58968874631488
111,6,-0.0421456064084802,-1.93234970614008
111,7,0.744203867964236,-0.923672284566521
111,8,-1.03242410938007,0.119618935366648
111,9,-0.460698829531463,-1.16698862099393
111,10,-0.437813371772905,-0.89646646711053
111,11,-0.577693171172491,2.18372775718249
111,12,0.219968416616845,-2.39608836382444
111,13,0.26992555001547,-2.55093272653011
111,14,-0.887158567806654,-0.877748820401526
111,15,0.420128053792587,-0.258651909310589
111,16,0.162338151546187,0.70659829264488
111,17,-0.758879562576172,-1.46284589817708
111,18,0.342348749947689,-0.53130014986618
112,1,0.123736763140716,0.77664798811845
112,2,1.36685934665306,-0.63299269128907
112,3,-0.110880466450983,-2.66957896172422
112,4,-0.15235671974091,0.0937075210055761
112,5,0.0408239729670879,-1.21731439160684
112,6,-0.999912743560145,0.637389388726514
112,7,1.20007654937372,-0.0598373822695405
112,8,0.816350483320556,-2.53031000491646
112,9,1.24618858339388,1.71881906092065
112,10,0.966289119297252,0.567699187739973
112,11,-0.863610016656192,-1.17695422107293
112,12,0.485750342486529,1.66686000055434
112,13,0.267799458398695,-0.642798615238608
112,14,-0.0698702039745315,0.0418383437512683
112,15,1.173280007335,-1.61430561838541
112,16,-1.50210572523716,-1.79887971106915
112,17,1.04845653125348,-1.89932550467936
112,18,-1.77486696588863,-2.08230487884574
113,1,-1.0110969585782,-0.092815850122548
113,2,-0.245438079529449,-0.202049525846769
113,3,-1.2041335758138,0.285462770617156
113,4,1.09061713356355,-0.0884613285009984
113,5,-2.19986388811794,0.507764335882193
113,6,0.277392625988396,1.38005885630473
113,7,0.182825940978991,0.293467671156918
113,8,-0.611433720818614,0.467896333375801
113,9,-0.510707880176189,-0.0659048401548562
113,10,-1.24645442362498,0.769462482679853
113,11,0.282842689977542,-0.225635785130062
113,12,-0.985131017381254,-0.601393021032887
113,13,0.123507937522402,-2.16167445329097
113,14,-0.417154457308282,0.0383614714569836
113,15,0.540302695946563,2.66129539867862
113,16,-1.85756987426934,-0.349462722197288
113,17,-0.849183457457574,-0.86258271505017
113,18,-0.359809718747654,-0.931359786170941
114,1,-1.03784570808203,-2.1252552466954
114,2,0.267949304339734,-1.45520560746813
114,3,0.179185116864702,0.368122468539582
114,4,3.09105946237552,5.62827015295337
114,5,0.232166480845249,-0.226605446260338
114,6,-0.0484719551817066,2.27763138587041
114,7,-0.857841147551867,-1.46397280604542
114,8,1.78125630972452,1.82470119826248
114,9,-1.0072471641601,-1.14105773535797
114,10,-0.990222462240028,1.85810528831439
114,11,1.2135653774173,1.51938075296509
114,12,0.677989146031564,0.986947007506503
114,13,0.932311906762775,-0.106652009910125
114,14,0.811277813006929,0.559827983285201
114,15,-0.465330233775591,2.27282634720804
114,16,1.09422615346167,-0.392597700186944
114,17,-1.78272593860966,1.67763607858418
114,18,-1.41955475536286,-3.41712320230012
115,1,1.77213590495464,-1.77133394792115
115,2,0.772573711572266,0.941283521370327
115,3,-1.15986940671211,1.27626747689493
115,4,-0.490415918269219,-0.39327959982836
115,5,0.495530084688242,-1.7861417912125
115,6,0.152637884562522,0.634782977807061
115,7,-0.142154208906742,-1.07617978775456
115,8,0.601359139201246,1.30692206523536
115,9,-0.00605943461927082,-0.1871723921544
115,10,0.0660550404730258,2.297259376842
115,11,-0.0361524319390342,-1.78041265286323
115,12,0.724415295335297,-0.658669656139647
115,13,0.265800294764579,-1.96540595051355
115,14,3.31890780147892,0.691172744294257
115,15,0.34754833949677,0.400324470107696
115,16,0.600333655356756,-1.30038823540165
115,17,0.367248358848195,-0.104250996308383
115,18,-1.10070396199197,-1.11905721160771
116,1,-0.220786362388047,0.821942988308451
116,2,0.952870761068389,0.0813288901016451
116,3,-0.579466438623741,-0.647343641852089
116,4,-0.868003071302387,0.419096041951012
116,5,-0.609194040523796,-0.560815906141455
116,6,-0.0616182902941247,0.773549158653272
116,7,-0.908338584933441,-0.828527170393274
116,8,0.843214779025284,-1.35469352837954
116,9,0.329096044065099,-2.01389212506391
116,10,-0.386181297614975,-0.172151470451875
116,11,-0.372334482067272,-0.420716490496981
116,12,0.316461775413558,-1.33652199357325
116,13,0.379300346757671,0.893944940659018
116,14,-0.103378105548602,2.38225275186438
116,15,1.68527828610425,0.35476041097559
116,16,-1.57815974878391,-8.03958063662919
116,17,-0.537435428544086,-0.637949748493681
116,18,0.955050126187741,0.843871207757508
117,1,-0.422502172570092,-0.854592969768074
117,2,-0.391286937672383,1.18021904239252
117,3,-0.49116878929501,0.495274488423132
117,4,-0.629589526692877,0.00591971802716212
117,5,1.1173716817828,2.66650583028415
117,6,-1.25534477328924,-1.96133361136252
117,7,0.736900758778497,2.3254726965663
117,8,-0.659095810981675,2.7051711800654
117,9,0.0978939659681369,2.02492799371962
117,10,-0.73537167669951,-0.718618774959116
117,11,1.14833847505837,0.387093659222614
117,12,-0.146707709288066,-0.492338359277936
117,13,-0.217206884886913,1.55407022606318
117,14,0.219063976281872,0.842701807995096
117,15,0.0758430770238002,-1.14820996504599
117,16,-0.335047098135161,0.407851166208097
117,17,-2.04379982797447,-2.62269305676385
117,18,-0.83765240804108,-3.0355486292462
118,1,0.629517585194763,0.565279654321775
118,2,0.995242155694555,0.830382339895106
118,3,0.157199329048623,0.211740455297573
118,4,-2.09537381433023,-1.72002100104504
118,5,1.1303190507439,-1.01961406112665
118,6,-0.427065836250356,-1.42623791840771
118,7,-1.65108500401723,-1.08295735471982
118,8,1.6224847606891,-0.445697776062725
118,9,-0.767502358495286,5.37579028773435
118,10,-0.656341061150865,-0.704914308565576
118,11,0.383421396013351,0.890691620853395
118,12,-0.443723080072947,-0.636146327811725
118,13,-1.60262679360946,-2.22175670171697
118,14,-0.891187132040512,-0.630891631833093
118,15,0.464804685114412,-0.0173989866431199
118,16,-1.02736481234666,-0.641681180564999
118,17,0.709263467113348,0.887900003092333
118,18,0.386273320314728,-1.4114080465713
119,1,-1.15502388019245,0.206622260099574
119,2,-0.543982634169254,-0.0300915258195812
119,3,0.931951044617228,0.175848728244912
119,4,0.460130533681318,2.79529380183373
119,5,1.47844990679631,-1.05361569873388
119,6,-0.103921633438583,1.64893817552145
119,7,-0.742683032373991,0.175435303021021
119,8,-0.301401223407124,-0.641606496430431
119,9,0.350621071635886,-0.483815074019556
119,10,1.21750065056061,0.655230518798114
119,11,0.897361323960697,1.47375594947722
119,12,0.428698117021035,2.06773037960094
119,13,0.683607195002214,1.33600228573344
119,14,0.872159091874977,-4.90296363507981
119,15,0.384777409078896,2.20652306587333
119,16,0.647882949307433,-2.11039757208177
119,17,-0.189360079508377,0.628206581920778
119,18,-0.192278924587711,1.21342365451431
120,1,-0.201190309337143,0.12946636471056
120,2,1.0310746301581,-0.103883185445165
120,3,0.211272613016769,1.31339514436095
120,4,0.0889195076544454,-0.282328762229577
120,5,-0.879745137858157,0.627739680734047
120,6,-0.671432603252865,-2.06665878572881
120,7,-0.872820642021572,-0.329351767673453
120,8,-0.260667522267096,-1.47679459660817
120,9,0.878961496718466,-0.68969288874887
120,10,-1.39410417808212,3.72128349273768
120,11,1.16123675651859,0.555097741301134
120,12,-2.27822217128898,0.254738888141081
120,13,1.01137899645121,2.56852404925252
120,14,-0.246178478077379,3.61462898703778
120,15,-0.867180205017775,-0.598200668783727
120,16,-0.61266933281245,0.781395554124602
120,17,-0.103971635011828,0.103285831583481
120,18,0.131553618833723,0.440697349160333
